2020-03-01T00:00:00+01:00,2020-03-01T01:00:00+01:00,13.62
2020-03-01T01:00:00+01:00,2020-03-01T02:00:00+01:00,20.22
2020-03-01T02:00:00+01:00,2020-03-01T03:00:00+01:00,11.83
2020-03-01T03:00:00+01:00,2020-03-01T04:00:00+01:00,10.69
2020-03-01T04:00:00+01:00,2020-03-01T05:00:00+01:00,5.95
2020-03-01T05:00:00+01:00,2020-03-01T06:00:00+01:00,5.99
2020-03-01T06:00:00+01:00,2020-03-01T07:00:00+01:00,9.81
2020-03-01T07:00:00+01:00,2020-03-01T08:00:00+01:00,11.88
2020-03-01T08:00:00+01:00,2020-03-01T09:00:00+01:00,12.33
2020-03-01T09:00:00+01:00,2020-03-01T10:00:00+01:00,20.00
2020-03-01T10:00:00+01:00,2020-03-01T11:00:00+01:00,25.00
2020-03-01T11:00:00+01:00,2020-03-01T12:00:00+01:00,22.40
2020-03-01T12:00:00+01:00,2020-03-01T13:00:00+01:00,23.00
2020-03-01T13:00:00+01:00,2020-03-01T14:00:00+01:00,23.00
2020-03-01T14:00:00+01:00,2020-03-01T15:00:00+01:00,23.97
2020-03-01T15:00:00+01:00,2020-03-01T16:00:00+01:00,24.26
2020-03-01T16:00:00+01:00,2020-03-01T17:00:00+01:00,23.30
2020-03-01T17:00:00+01:00,2020-03-01T18:00:00+01:00,36.12
2020-03-01T18:00:00+01:00,2020-03-01T19:00:00+01:00,39.42
2020-03-01T19:00:00+01:00,2020-03-01T20:00:00+01:00,36.12
2020-03-01T20:00:00+01:00,2020-03-01T21:00:00+01:00,31.49
2020-03-01T21:00:00+01:00,2020-03-01T22:00:00+01:00,26.10
2020-03-01T22:00:00+01:00,2020-03-01T23:00:00+01:00,27.76
2020-03-01T23:00:00+01:00,2020-03-02T00:00:00+01:00,24.24
2020-03-02T00:00:00+01:00,2020-03-02T01:00:00+01:00,24.31
2020-03-02T01:00:00+01:00,2020-03-02T02:00:00+01:00,23.30
2020-03-02T02:00:00+01:00,2020-03-02T03:00:00+01:00,21.71
2020-03-02T03:00:00+01:00,2020-03-02T04:00:00+01:00,19.20
2020-03-02T04:00:00+01:00,2020-03-02T05:00:00+01:00,19.15
2020-03-02T05:00:00+01:00,2020-03-02T06:00:00+01:00,23.53
2020-03-02T06:00:00+01:00,2020-03-02T07:00:00+01:00,30.91
2020-03-02T07:00:00+01:00,2020-03-02T08:00:00+01:00,37.00
2020-03-02T08:00:00+01:00,2020-03-02T09:00:00+01:00,39.92
2020-03-02T09:00:00+01:00,2020-03-02T10:00:00+01:00,36.94
2020-03-02T10:00:00+01:00,2020-03-02T11:00:00+01:00,36.71
2020-03-02T11:00:00+01:00,2020-03-02T12:00:00+01:00,37.03
2020-03-02T12:00:00+01:00,2020-03-02T13:00:00+01:00,35.13
2020-03-02T13:00:00+01:00,2020-03-02T14:00:00+01:00,35.35
2020-03-02T14:00:00+01:00,2020-03-02T15:00:00+01:00,34.74
2020-03-02T15:00:00+01:00,2020-03-02T16:00:00+01:00,36.54
2020-03-02T16:00:00+01:00,2020-03-02T17:00:00+01:00,38.43
2020-03-02T17:00:00+01:00,2020-03-02T18:00:00+01:00,40.66
2020-03-02T18:00:00+01:00,2020-03-02T19:00:00+01:00,49.50
2020-03-02T19:00:00+01:00,2020-03-02T20:00:00+01:00,43.92
2020-03-02T20:00:00+01:00,2020-03-02T21:00:00+01:00,37.75
2020-03-02T21:00:00+01:00,2020-03-02T22:00:00+01:00,33.54
2020-03-02T22:00:00+01:00,2020-03-02T23:00:00+01:00,30.88
2020-03-02T23:00:00+01:00,2020-03-03T00:00:00+01:00,28.97
2020-03-03T00:00:00+01:00,2020-03-03T01:00:00+01:00,26.04
2020-03-03T01:00:00+01:00,2020-03-03T02:00:00+01:00,25.04
2020-03-03T02:00:00+01:00,2020-03-03T03:00:00+01:00,24.53
2020-03-03T03:00:00+01:00,2020-03-03T04:00:00+01:00,24.10
2020-03-03T04:00:00+01:00,2020-03-03T05:00:00+01:00,24.45
2020-03-03T05:00:00+01:00,2020-03-03T06:00:00+01:00,28.50
2020-03-03T06:00:00+01:00,2020-03-03T07:00:00+01:00,35.68
2020-03-03T07:00:00+01:00,2020-03-03T08:00:00+01:00,42.30
2020-03-03T08:00:00+01:00,2020-03-03T09:00:00+01:00,45.60
2020-03-03T09:00:00+01:00,2020-03-03T10:00:00+01:00,41.68
2020-03-03T10:00:00+01:00,2020-03-03T11:00:00+01:00,37.97
2020-03-03T11:00:00+01:00,2020-03-03T12:00:00+01:00,32.00
2020-03-03T12:00:00+01:00,2020-03-03T13:00:00+01:00,27.40
2020-03-03T13:00:00+01:00,2020-03-03T14:00:00+01:00,31.29
2020-03-03T14:00:00+01:00,2020-03-03T15:00:00+01:00,35.76
2020-03-03T15:00:00+01:00,2020-03-03T16:00:00+01:00,37.66
2020-03-03T16:00:00+01:00,2020-03-03T17:00:00+01:00,39.84
2020-03-03T17:00:00+01:00,2020-03-03T18:00:00+01:00,41.73
2020-03-03T18:00:00+01:00,2020-03-03T19:00:00+01:00,55.98
2020-03-03T19:00:00+01:00,2020-03-03T20:00:00+01:00,56.90
2020-03-03T20:00:00+01:00,2020-03-03T21:00:00+01:00,40.93
2020-03-03T21:00:00+01:00,2020-03-03T22:00:00+01:00,38.19
2020-03-03T22:00:00+01:00,2020-03-03T23:00:00+01:00,35.03
2020-03-03T23:00:00+01:00,2020-03-04T00:00:00+01:00,31.29
2020-03-04T00:00:00+01:00,2020-03-04T01:00:00+01:00,30.10
2020-03-04T01:00:00+01:00,2020-03-04T02:00:00+01:00,28.10
2020-03-04T02:00:00+01:00,2020-03-04T03:00:00+01:00,27.08
2020-03-04T03:00:00+01:00,2020-03-04T04:00:00+01:00,26.80
2020-03-04T04:00:00+01:00,2020-03-04T05:00:00+01:00,26.80
2020-03-04T05:00:00+01:00,2020-03-04T06:00:00+01:00,30.05
2020-03-04T06:00:00+01:00,2020-03-04T07:00:00+01:00,36.51
2020-03-04T07:00:00+01:00,2020-03-04T08:00:00+01:00,47.20
2020-03-04T08:00:00+01:00,2020-03-04T09:00:00+01:00,54.75
2020-03-04T09:00:00+01:00,2020-03-04T10:00:00+01:00,50.32
2020-03-04T10:00:00+01:00,2020-03-04T11:00:00+01:00,44.23
2020-03-04T11:00:00+01:00,2020-03-04T12:00:00+01:00,41.09
2020-03-04T12:00:00+01:00,2020-03-04T13:00:00+01:00,37.90
2020-03-04T13:00:00+01:00,2020-03-04T14:00:00+01:00,35.97
2020-03-04T14:00:00+01:00,2020-03-04T15:00:00+01:00,35.00
2020-03-04T15:00:00+01:00,2020-03-04T16:00:00+01:00,35.88
2020-03-04T16:00:00+01:00,2020-03-04T17:00:00+01:00,39.50
2020-03-04T17:00:00+01:00,2020-03-04T18:00:00+01:00,47.93
2020-03-04T18:00:00+01:00,2020-03-04T19:00:00+01:00,64.70
2020-03-04T19:00:00+01:00,2020-03-04T20:00:00+01:00,63.34
2020-03-04T20:00:00+01:00,2020-03-04T21:00:00+01:00,43.58
2020-03-04T21:00:00+01:00,2020-03-04T22:00:00+01:00,37.53
2020-03-04T22:00:00+01:00,2020-03-04T23:00:00+01:00,33.92
2020-03-04T23:00:00+01:00,2020-03-05T00:00:00+01:00,31.82
2020-03-05T00:00:00+01:00,2020-03-05T01:00:00+01:00,30.24
2020-03-05T01:00:00+01:00,2020-03-05T02:00:00+01:00,29.08
2020-03-05T02:00:00+01:00,2020-03-05T03:00:00+01:00,28.35
2020-03-05T03:00:00+01:00,2020-03-05T04:00:00+01:00,28.62
2020-03-05T04:00:00+01:00,2020-03-05T05:00:00+01:00,29.51
2020-03-05T05:00:00+01:00,2020-03-05T06:00:00+01:00,30.88
2020-03-05T06:00:00+01:00,2020-03-05T07:00:00+01:00,37.47
2020-03-05T07:00:00+01:00,2020-03-05T08:00:00+01:00,45.61
2020-03-05T08:00:00+01:00,2020-03-05T09:00:00+01:00,54.64
2020-03-05T09:00:00+01:00,2020-03-05T10:00:00+01:00,49.78
2020-03-05T10:00:00+01:00,2020-03-05T11:00:00+01:00,42.09
2020-03-05T11:00:00+01:00,2020-03-05T12:00:00+01:00,40.99
2020-03-05T12:00:00+01:00,2020-03-05T13:00:00+01:00,41.97
2020-03-05T13:00:00+01:00,2020-03-05T14:00:00+01:00,40.51
2020-03-05T14:00:00+01:00,2020-03-05T15:00:00+01:00,37.94
2020-03-05T15:00:00+01:00,2020-03-05T16:00:00+01:00,36.75
2020-03-05T16:00:00+01:00,2020-03-05T17:00:00+01:00,36.03
2020-03-05T17:00:00+01:00,2020-03-05T18:00:00+01:00,37.88
2020-03-05T18:00:00+01:00,2020-03-05T19:00:00+01:00,36.90
2020-03-05T19:00:00+01:00,2020-03-05T20:00:00+01:00,35.82
2020-03-05T20:00:00+01:00,2020-03-05T21:00:00+01:00,30.24
2020-03-05T21:00:00+01:00,2020-03-05T22:00:00+01:00,27.85
2020-03-05T22:00:00+01:00,2020-03-05T23:00:00+01:00,26.90
2020-03-05T23:00:00+01:00,2020-03-06T00:00:00+01:00,25.30
2020-03-06T00:00:00+01:00,2020-03-06T01:00:00+01:00,24.55
2020-03-06T01:00:00+01:00,2020-03-06T02:00:00+01:00,22.96
2020-03-06T02:00:00+01:00,2020-03-06T03:00:00+01:00,21.00
2020-03-06T03:00:00+01:00,2020-03-06T04:00:00+01:00,19.99
2020-03-06T04:00:00+01:00,2020-03-06T05:00:00+01:00,20.22
2020-03-06T05:00:00+01:00,2020-03-06T06:00:00+01:00,24.10
2020-03-06T06:00:00+01:00,2020-03-06T07:00:00+01:00,28.80
2020-03-06T07:00:00+01:00,2020-03-06T08:00:00+01:00,33.41
2020-03-06T08:00:00+01:00,2020-03-06T09:00:00+01:00,35.90
2020-03-06T09:00:00+01:00,2020-03-06T10:00:00+01:00,35.10
2020-03-06T10:00:00+01:00,2020-03-06T11:00:00+01:00,34.68
2020-03-06T11:00:00+01:00,2020-03-06T12:00:00+01:00,36.03
2020-03-06T12:00:00+01:00,2020-03-06T13:00:00+01:00,35.00
2020-03-06T13:00:00+01:00,2020-03-06T14:00:00+01:00,32.64
2020-03-06T14:00:00+01:00,2020-03-06T15:00:00+01:00,31.67
2020-03-06T15:00:00+01:00,2020-03-06T16:00:00+01:00,29.06
2020-03-06T16:00:00+01:00,2020-03-06T17:00:00+01:00,29.80
2020-03-06T17:00:00+01:00,2020-03-06T18:00:00+01:00,35.00
2020-03-06T18:00:00+01:00,2020-03-06T19:00:00+01:00,37.30
2020-03-06T19:00:00+01:00,2020-03-06T20:00:00+01:00,38.04
2020-03-06T20:00:00+01:00,2020-03-06T21:00:00+01:00,35.46
2020-03-06T21:00:00+01:00,2020-03-06T22:00:00+01:00,31.71
2020-03-06T22:00:00+01:00,2020-03-06T23:00:00+01:00,30.50
2020-03-06T23:00:00+01:00,2020-03-07T00:00:00+01:00,28.54
2020-03-07T00:00:00+01:00,2020-03-07T01:00:00+01:00,31.01
2020-03-07T01:00:00+01:00,2020-03-07T02:00:00+01:00,25.50
2020-03-07T02:00:00+01:00,2020-03-07T03:00:00+01:00,24.51
2020-03-07T03:00:00+01:00,2020-03-07T04:00:00+01:00,24.03
2020-03-07T04:00:00+01:00,2020-03-07T05:00:00+01:00,24.47
2020-03-07T05:00:00+01:00,2020-03-07T06:00:00+01:00,24.41
2020-03-07T06:00:00+01:00,2020-03-07T07:00:00+01:00,26.25
2020-03-07T07:00:00+01:00,2020-03-07T08:00:00+01:00,30.40
2020-03-07T08:00:00+01:00,2020-03-07T09:00:00+01:00,33.58
2020-03-07T09:00:00+01:00,2020-03-07T10:00:00+01:00,35.00
2020-03-07T10:00:00+01:00,2020-03-07T11:00:00+01:00,30.40
2020-03-07T11:00:00+01:00,2020-03-07T12:00:00+01:00,28.10
2020-03-07T12:00:00+01:00,2020-03-07T13:00:00+01:00,26.08
2020-03-07T13:00:00+01:00,2020-03-07T14:00:00+01:00,25.06
2020-03-07T14:00:00+01:00,2020-03-07T15:00:00+01:00,24.94
2020-03-07T15:00:00+01:00,2020-03-07T16:00:00+01:00,25.00
2020-03-07T16:00:00+01:00,2020-03-07T17:00:00+01:00,29.14
2020-03-07T17:00:00+01:00,2020-03-07T18:00:00+01:00,35.17
2020-03-07T18:00:00+01:00,2020-03-07T19:00:00+01:00,38.65
2020-03-07T19:00:00+01:00,2020-03-07T20:00:00+01:00,39.95
2020-03-07T20:00:00+01:00,2020-03-07T21:00:00+01:00,35.00
2020-03-07T21:00:00+01:00,2020-03-07T22:00:00+01:00,27.17
2020-03-07T22:00:00+01:00,2020-03-07T23:00:00+01:00,28.24
2020-03-07T23:00:00+01:00,2020-03-08T00:00:00+01:00,24.90
2020-03-08T00:00:00+01:00,2020-03-08T01:00:00+01:00,20.80
2020-03-08T01:00:00+01:00,2020-03-08T02:00:00+01:00,16.82
2020-03-08T02:00:00+01:00,2020-03-08T03:00:00+01:00,12.22
2020-03-08T03:00:00+01:00,2020-03-08T04:00:00+01:00,9.24
2020-03-08T04:00:00+01:00,2020-03-08T05:00:00+01:00,8.74
2020-03-08T05:00:00+01:00,2020-03-08T06:00:00+01:00,8.93
2020-03-08T06:00:00+01:00,2020-03-08T07:00:00+01:00,8.67
2020-03-08T07:00:00+01:00,2020-03-08T08:00:00+01:00,9.78
2020-03-08T08:00:00+01:00,2020-03-08T09:00:00+01:00,11.71
2020-03-08T09:00:00+01:00,2020-03-08T10:00:00+01:00,16.39
2020-03-08T10:00:00+01:00,2020-03-08T11:00:00+01:00,21.00
2020-03-08T11:00:00+01:00,2020-03-08T12:00:00+01:00,21.00
2020-03-08T12:00:00+01:00,2020-03-08T13:00:00+01:00,22.70
2020-03-08T13:00:00+01:00,2020-03-08T14:00:00+01:00,20.00
2020-03-08T14:00:00+01:00,2020-03-08T15:00:00+01:00,18.71
2020-03-08T15:00:00+01:00,2020-03-08T16:00:00+01:00,21.60
2020-03-08T16:00:00+01:00,2020-03-08T17:00:00+01:00,23.00
2020-03-08T17:00:00+01:00,2020-03-08T18:00:00+01:00,25.71
2020-03-08T18:00:00+01:00,2020-03-08T19:00:00+01:00,31.97
2020-03-08T19:00:00+01:00,2020-03-08T20:00:00+01:00,34.86
2020-03-08T20:00:00+01:00,2020-03-08T21:00:00+01:00,34.02
2020-03-08T21:00:00+01:00,2020-03-08T22:00:00+01:00,31.90
2020-03-08T22:00:00+01:00,2020-03-08T23:00:00+01:00,31.99
2020-03-08T23:00:00+01:00,2020-03-09T00:00:00+01:00,30.41
2020-03-09T00:00:00+01:00,2020-03-09T01:00:00+01:00,25.02
2020-03-09T01:00:00+01:00,2020-03-09T02:00:00+01:00,25.00
2020-03-09T02:00:00+01:00,2020-03-09T03:00:00+01:00,25.09
2020-03-09T03:00:00+01:00,2020-03-09T04:00:00+01:00,24.77
2020-03-09T04:00:00+01:00,2020-03-09T05:00:00+01:00,24.47
2020-03-09T05:00:00+01:00,2020-03-09T06:00:00+01:00,25.30
2020-03-09T06:00:00+01:00,2020-03-09T07:00:00+01:00,37.10
2020-03-09T07:00:00+01:00,2020-03-09T08:00:00+01:00,46.99
2020-03-09T08:00:00+01:00,2020-03-09T09:00:00+01:00,50.12
2020-03-09T09:00:00+01:00,2020-03-09T10:00:00+01:00,45.65
2020-03-09T10:00:00+01:00,2020-03-09T11:00:00+01:00,40.44
2020-03-09T11:00:00+01:00,2020-03-09T12:00:00+01:00,38.29
2020-03-09T12:00:00+01:00,2020-03-09T13:00:00+01:00,36.02
2020-03-09T13:00:00+01:00,2020-03-09T14:00:00+01:00,35.34
2020-03-09T14:00:00+01:00,2020-03-09T15:00:00+01:00,33.59
2020-03-09T15:00:00+01:00,2020-03-09T16:00:00+01:00,34.74
2020-03-09T16:00:00+01:00,2020-03-09T17:00:00+01:00,36.24
2020-03-09T17:00:00+01:00,2020-03-09T18:00:00+01:00,42.17
2020-03-09T18:00:00+01:00,2020-03-09T19:00:00+01:00,54.16
2020-03-09T19:00:00+01:00,2020-03-09T20:00:00+01:00,58.98
2020-03-09T20:00:00+01:00,2020-03-09T21:00:00+01:00,40.50
2020-03-09T21:00:00+01:00,2020-03-09T22:00:00+01:00,35.98
2020-03-09T22:00:00+01:00,2020-03-09T23:00:00+01:00,34.97
2020-03-09T23:00:00+01:00,2020-03-10T00:00:00+01:00,26.68
2020-03-10T00:00:00+01:00,2020-03-10T01:00:00+01:00,24.06
2020-03-10T01:00:00+01:00,2020-03-10T02:00:00+01:00,23.70
2020-03-10T02:00:00+01:00,2020-03-10T03:00:00+01:00,21.77
2020-03-10T03:00:00+01:00,2020-03-10T04:00:00+01:00,15.91
2020-03-10T04:00:00+01:00,2020-03-10T05:00:00+01:00,13.06
2020-03-10T05:00:00+01:00,2020-03-10T06:00:00+01:00,15.80
2020-03-10T06:00:00+01:00,2020-03-10T07:00:00+01:00,24.08
2020-03-10T07:00:00+01:00,2020-03-10T08:00:00+01:00,29.15
2020-03-10T08:00:00+01:00,2020-03-10T09:00:00+01:00,32.96
2020-03-10T09:00:00+01:00,2020-03-10T10:00:00+01:00,39.10
2020-03-10T10:00:00+01:00,2020-03-10T11:00:00+01:00,35.55
2020-03-10T11:00:00+01:00,2020-03-10T12:00:00+01:00,32.00
2020-03-10T12:00:00+01:00,2020-03-10T13:00:00+01:00,30.55
2020-03-10T13:00:00+01:00,2020-03-10T14:00:00+01:00,30.00
2020-03-10T14:00:00+01:00,2020-03-10T15:00:00+01:00,29.72
2020-03-10T15:00:00+01:00,2020-03-10T16:00:00+01:00,24.90
2020-03-10T16:00:00+01:00,2020-03-10T17:00:00+01:00,22.72
2020-03-10T17:00:00+01:00,2020-03-10T18:00:00+01:00,24.27
2020-03-10T18:00:00+01:00,2020-03-10T19:00:00+01:00,28.34
2020-03-10T19:00:00+01:00,2020-03-10T20:00:00+01:00,29.00
2020-03-10T20:00:00+01:00,2020-03-10T21:00:00+01:00,30.31
2020-03-10T21:00:00+01:00,2020-03-10T22:00:00+01:00,27.10
2020-03-10T22:00:00+01:00,2020-03-10T23:00:00+01:00,25.10
2020-03-10T23:00:00+01:00,2020-03-11T00:00:00+01:00,21.80
2020-03-11T00:00:00+01:00,2020-03-11T01:00:00+01:00,19.00
2020-03-11T01:00:00+01:00,2020-03-11T02:00:00+01:00,20.80
2020-03-11T02:00:00+01:00,2020-03-11T03:00:00+01:00,21.00
2020-03-11T03:00:00+01:00,2020-03-11T04:00:00+01:00,15.85
2020-03-11T04:00:00+01:00,2020-03-11T05:00:00+01:00,15.29
2020-03-11T05:00:00+01:00,2020-03-11T06:00:00+01:00,21.16
2020-03-11T06:00:00+01:00,2020-03-11T07:00:00+01:00,26.87
2020-03-11T07:00:00+01:00,2020-03-11T08:00:00+01:00,33.94
2020-03-11T08:00:00+01:00,2020-03-11T09:00:00+01:00,37.17
2020-03-11T09:00:00+01:00,2020-03-11T10:00:00+01:00,34.27
2020-03-11T10:00:00+01:00,2020-03-11T11:00:00+01:00,33.07
2020-03-11T11:00:00+01:00,2020-03-11T12:00:00+01:00,29.20
2020-03-11T12:00:00+01:00,2020-03-11T13:00:00+01:00,25.97
2020-03-11T13:00:00+01:00,2020-03-11T14:00:00+01:00,24.06
2020-03-11T14:00:00+01:00,2020-03-11T15:00:00+01:00,23.73
2020-03-11T15:00:00+01:00,2020-03-11T16:00:00+01:00,24.90
2020-03-11T16:00:00+01:00,2020-03-11T17:00:00+01:00,26.66
2020-03-11T17:00:00+01:00,2020-03-11T18:00:00+01:00,33.80
2020-03-11T18:00:00+01:00,2020-03-11T19:00:00+01:00,37.00
2020-03-11T19:00:00+01:00,2020-03-11T20:00:00+01:00,37.99
2020-03-11T20:00:00+01:00,2020-03-11T21:00:00+01:00,28.10
2020-03-11T21:00:00+01:00,2020-03-11T22:00:00+01:00,25.00
2020-03-11T22:00:00+01:00,2020-03-11T23:00:00+01:00,24.15
2020-03-11T23:00:00+01:00,2020-03-12T00:00:00+01:00,20.20
2020-03-12T00:00:00+01:00,2020-03-12T01:00:00+01:00,19.90
2020-03-12T01:00:00+01:00,2020-03-12T02:00:00+01:00,14.64
2020-03-12T02:00:00+01:00,2020-03-12T03:00:00+01:00,11.05
2020-03-12T03:00:00+01:00,2020-03-12T04:00:00+01:00,5.00
2020-03-12T04:00:00+01:00,2020-03-12T05:00:00+01:00,2.94
2020-03-12T05:00:00+01:00,2020-03-12T06:00:00+01:00,10.58
2020-03-12T06:00:00+01:00,2020-03-12T07:00:00+01:00,24.39
2020-03-12T07:00:00+01:00,2020-03-12T08:00:00+01:00,39.45
2020-03-12T08:00:00+01:00,2020-03-12T09:00:00+01:00,43.05
2020-03-12T09:00:00+01:00,2020-03-12T10:00:00+01:00,35.10
2020-03-12T10:00:00+01:00,2020-03-12T11:00:00+01:00,20.10
2020-03-12T11:00:00+01:00,2020-03-12T12:00:00+01:00,18.00
2020-03-12T12:00:00+01:00,2020-03-12T13:00:00+01:00,8.51
2020-03-12T13:00:00+01:00,2020-03-12T14:00:00+01:00,9.90
2020-03-12T14:00:00+01:00,2020-03-12T15:00:00+01:00,17.00
2020-03-12T15:00:00+01:00,2020-03-12T16:00:00+01:00,30.08
2020-03-12T16:00:00+01:00,2020-03-12T17:00:00+01:00,25.40
2020-03-12T17:00:00+01:00,2020-03-12T18:00:00+01:00,37.00
2020-03-12T18:00:00+01:00,2020-03-12T19:00:00+01:00,37.00
2020-03-12T19:00:00+01:00,2020-03-12T20:00:00+01:00,39.63
2020-03-12T20:00:00+01:00,2020-03-12T21:00:00+01:00,39.90
2020-03-12T21:00:00+01:00,2020-03-12T22:00:00+01:00,37.05
2020-03-12T22:00:00+01:00,2020-03-12T23:00:00+01:00,32.00
2020-03-12T23:00:00+01:00,2020-03-13T00:00:00+01:00,30.45
2020-03-13T00:00:00+01:00,2020-03-13T01:00:00+01:00,24.28
2020-03-13T01:00:00+01:00,2020-03-13T02:00:00+01:00,19.00
2020-03-13T02:00:00+01:00,2020-03-13T03:00:00+01:00,6.74
2020-03-13T03:00:00+01:00,2020-03-13T04:00:00+01:00,17.40
2020-03-13T04:00:00+01:00,2020-03-13T05:00:00+01:00,17.87
2020-03-13T05:00:00+01:00,2020-03-13T06:00:00+01:00,23.25
2020-03-13T06:00:00+01:00,2020-03-13T07:00:00+01:00,34.41
2020-03-13T07:00:00+01:00,2020-03-13T08:00:00+01:00,32.50
2020-03-13T08:00:00+01:00,2020-03-13T09:00:00+01:00,34.26
2020-03-13T09:00:00+01:00,2020-03-13T10:00:00+01:00,25.10
2020-03-13T10:00:00+01:00,2020-03-13T11:00:00+01:00,28.83
2020-03-13T11:00:00+01:00,2020-03-13T12:00:00+01:00,20.70
2020-03-13T12:00:00+01:00,2020-03-13T13:00:00+01:00,28.57
2020-03-13T13:00:00+01:00,2020-03-13T14:00:00+01:00,25.00
2020-03-13T14:00:00+01:00,2020-03-13T15:00:00+01:00,24.90
2020-03-13T15:00:00+01:00,2020-03-13T16:00:00+01:00,32.40
2020-03-13T16:00:00+01:00,2020-03-13T17:00:00+01:00,31.00
2020-03-13T17:00:00+01:00,2020-03-13T18:00:00+01:00,32.65
2020-03-13T18:00:00+01:00,2020-03-13T19:00:00+01:00,37.70
2020-03-13T19:00:00+01:00,2020-03-13T20:00:00+01:00,42.50
2020-03-13T20:00:00+01:00,2020-03-13T21:00:00+01:00,38.41
2020-03-13T21:00:00+01:00,2020-03-13T22:00:00+01:00,36.93
2020-03-13T22:00:00+01:00,2020-03-13T23:00:00+01:00,36.99
2020-03-13T23:00:00+01:00,2020-03-14T00:00:00+01:00,35.35
2020-03-14T00:00:00+01:00,2020-03-14T01:00:00+01:00,34.29
2020-03-14T01:00:00+01:00,2020-03-14T02:00:00+01:00,32.04
2020-03-14T02:00:00+01:00,2020-03-14T03:00:00+01:00,31.43
2020-03-14T03:00:00+01:00,2020-03-14T04:00:00+01:00,28.88
2020-03-14T04:00:00+01:00,2020-03-14T05:00:00+01:00,26.00
2020-03-14T05:00:00+01:00,2020-03-14T06:00:00+01:00,24.78
2020-03-14T06:00:00+01:00,2020-03-14T07:00:00+01:00,31.16
2020-03-14T07:00:00+01:00,2020-03-14T08:00:00+01:00,28.34
2020-03-14T08:00:00+01:00,2020-03-14T09:00:00+01:00,34.83
2020-03-14T09:00:00+01:00,2020-03-14T10:00:00+01:00,34.94
2020-03-14T10:00:00+01:00,2020-03-14T11:00:00+01:00,29.13
2020-03-14T11:00:00+01:00,2020-03-14T12:00:00+01:00,26.96
2020-03-14T12:00:00+01:00,2020-03-14T13:00:00+01:00,25.39
2020-03-14T13:00:00+01:00,2020-03-14T14:00:00+01:00,23.81
2020-03-14T14:00:00+01:00,2020-03-14T15:00:00+01:00,22.62
2020-03-14T15:00:00+01:00,2020-03-14T16:00:00+01:00,24.87
2020-03-14T16:00:00+01:00,2020-03-14T17:00:00+01:00,25.80
2020-03-14T17:00:00+01:00,2020-03-14T18:00:00+01:00,33.99
2020-03-14T18:00:00+01:00,2020-03-14T19:00:00+01:00,37.17
2020-03-14T19:00:00+01:00,2020-03-14T20:00:00+01:00,38.53
2020-03-14T20:00:00+01:00,2020-03-14T21:00:00+01:00,26.00
2020-03-14T21:00:00+01:00,2020-03-14T22:00:00+01:00,27.42
2020-03-14T22:00:00+01:00,2020-03-14T23:00:00+01:00,26.02
2020-03-14T23:00:00+01:00,2020-03-15T00:00:00+01:00,24.10
2020-03-15T00:00:00+01:00,2020-03-15T01:00:00+01:00,19.11
2020-03-15T01:00:00+01:00,2020-03-15T02:00:00+01:00,15.00
2020-03-15T02:00:00+01:00,2020-03-15T03:00:00+01:00,10.56
2020-03-15T03:00:00+01:00,2020-03-15T04:00:00+01:00,8.58
2020-03-15T04:00:00+01:00,2020-03-15T05:00:00+01:00,7.61
2020-03-15T05:00:00+01:00,2020-03-15T06:00:00+01:00,9.30
2020-03-15T06:00:00+01:00,2020-03-15T07:00:00+01:00,9.74
2020-03-15T07:00:00+01:00,2020-03-15T08:00:00+01:00,12.76
2020-03-15T08:00:00+01:00,2020-03-15T09:00:00+01:00,9.87
2020-03-15T09:00:00+01:00,2020-03-15T10:00:00+01:00,17.00
2020-03-15T10:00:00+01:00,2020-03-15T11:00:00+01:00,24.00
2020-03-15T11:00:00+01:00,2020-03-15T12:00:00+01:00,22.40
2020-03-15T12:00:00+01:00,2020-03-15T13:00:00+01:00,25.00
2020-03-15T13:00:00+01:00,2020-03-15T14:00:00+01:00,25.88
2020-03-15T14:00:00+01:00,2020-03-15T15:00:00+01:00,19.20
2020-03-15T15:00:00+01:00,2020-03-15T16:00:00+01:00,13.72
2020-03-15T16:00:00+01:00,2020-03-15T17:00:00+01:00,23.40
2020-03-15T17:00:00+01:00,2020-03-15T18:00:00+01:00,23.90
2020-03-15T18:00:00+01:00,2020-03-15T19:00:00+01:00,26.00
2020-03-15T19:00:00+01:00,2020-03-15T20:00:00+01:00,34.00
2020-03-15T20:00:00+01:00,2020-03-15T21:00:00+01:00,37.40
2020-03-15T21:00:00+01:00,2020-03-15T22:00:00+01:00,32.30
2020-03-15T22:00:00+01:00,2020-03-15T23:00:00+01:00,30.18
2020-03-15T23:00:00+01:00,2020-03-16T00:00:00+01:00,32.30
2020-03-16T00:00:00+01:00,2020-03-16T01:00:00+01:00,22.98
2020-03-16T01:00:00+01:00,2020-03-16T02:00:00+01:00,20.50
2020-03-16T02:00:00+01:00,2020-03-16T03:00:00+01:00,20.50
2020-03-16T03:00:00+01:00,2020-03-16T04:00:00+01:00,20.00
2020-03-16T04:00:00+01:00,2020-03-16T05:00:00+01:00,19.92
2020-03-16T05:00:00+01:00,2020-03-16T06:00:00+01:00,22.40
2020-03-16T06:00:00+01:00,2020-03-16T07:00:00+01:00,33.85
2020-03-16T07:00:00+01:00,2020-03-16T08:00:00+01:00,38.34
2020-03-16T08:00:00+01:00,2020-03-16T09:00:00+01:00,38.98
2020-03-16T09:00:00+01:00,2020-03-16T10:00:00+01:00,36.20
2020-03-16T10:00:00+01:00,2020-03-16T11:00:00+01:00,28.00
2020-03-16T11:00:00+01:00,2020-03-16T12:00:00+01:00,25.88
2020-03-16T12:00:00+01:00,2020-03-16T13:00:00+01:00,24.83
2020-03-16T13:00:00+01:00,2020-03-16T14:00:00+01:00,25.00
2020-03-16T14:00:00+01:00,2020-03-16T15:00:00+01:00,25.23
2020-03-16T15:00:00+01:00,2020-03-16T16:00:00+01:00,27.10
2020-03-16T16:00:00+01:00,2020-03-16T17:00:00+01:00,30.77
2020-03-16T17:00:00+01:00,2020-03-16T18:00:00+01:00,35.10
2020-03-16T18:00:00+01:00,2020-03-16T19:00:00+01:00,44.14
2020-03-16T19:00:00+01:00,2020-03-16T20:00:00+01:00,61.36
2020-03-16T20:00:00+01:00,2020-03-16T21:00:00+01:00,43.10
2020-03-16T21:00:00+01:00,2020-03-16T22:00:00+01:00,33.52
2020-03-16T22:00:00+01:00,2020-03-16T23:00:00+01:00,34.00
2020-03-16T23:00:00+01:00,2020-03-17T00:00:00+01:00,30.24
2020-03-17T00:00:00+01:00,2020-03-17T01:00:00+01:00,25.54
2020-03-17T01:00:00+01:00,2020-03-17T02:00:00+01:00,23.39
2020-03-17T02:00:00+01:00,2020-03-17T03:00:00+01:00,22.00
2020-03-17T03:00:00+01:00,2020-03-17T04:00:00+01:00,21.90
2020-03-17T04:00:00+01:00,2020-03-17T05:00:00+01:00,23.00
2020-03-17T05:00:00+01:00,2020-03-17T06:00:00+01:00,23.87
2020-03-17T06:00:00+01:00,2020-03-17T07:00:00+01:00,30.26
2020-03-17T07:00:00+01:00,2020-03-17T08:00:00+01:00,35.17
2020-03-17T08:00:00+01:00,2020-03-17T09:00:00+01:00,34.39
2020-03-17T09:00:00+01:00,2020-03-17T10:00:00+01:00,31.37
2020-03-17T10:00:00+01:00,2020-03-17T11:00:00+01:00,22.40
2020-03-17T11:00:00+01:00,2020-03-17T12:00:00+01:00,21.80
2020-03-17T12:00:00+01:00,2020-03-17T13:00:00+01:00,20.90
2020-03-17T13:00:00+01:00,2020-03-17T14:00:00+01:00,21.46
2020-03-17T14:00:00+01:00,2020-03-17T15:00:00+01:00,22.40
2020-03-17T15:00:00+01:00,2020-03-17T16:00:00+01:00,24.02
2020-03-17T16:00:00+01:00,2020-03-17T17:00:00+01:00,26.09
2020-03-17T17:00:00+01:00,2020-03-17T18:00:00+01:00,30.04
2020-03-17T18:00:00+01:00,2020-03-17T19:00:00+01:00,35.47
2020-03-17T19:00:00+01:00,2020-03-17T20:00:00+01:00,38.23
2020-03-17T20:00:00+01:00,2020-03-17T21:00:00+01:00,35.21
2020-03-17T21:00:00+01:00,2020-03-17T22:00:00+01:00,31.00
2020-03-17T22:00:00+01:00,2020-03-17T23:00:00+01:00,29.85
2020-03-17T23:00:00+01:00,2020-03-18T00:00:00+01:00,25.97
2020-03-18T00:00:00+01:00,2020-03-18T01:00:00+01:00,22.02
2020-03-18T01:00:00+01:00,2020-03-18T02:00:00+01:00,21.73
2020-03-18T02:00:00+01:00,2020-03-18T03:00:00+01:00,20.76
2020-03-18T03:00:00+01:00,2020-03-18T04:00:00+01:00,20.77
2020-03-18T04:00:00+01:00,2020-03-18T05:00:00+01:00,20.73
2020-03-18T05:00:00+01:00,2020-03-18T06:00:00+01:00,21.01
2020-03-18T06:00:00+01:00,2020-03-18T07:00:00+01:00,24.69
2020-03-18T07:00:00+01:00,2020-03-18T08:00:00+01:00,30.59
2020-03-18T08:00:00+01:00,2020-03-18T09:00:00+01:00,30.16
2020-03-18T09:00:00+01:00,2020-03-18T10:00:00+01:00,24.80
2020-03-18T10:00:00+01:00,2020-03-18T11:00:00+01:00,20.51
2020-03-18T11:00:00+01:00,2020-03-18T12:00:00+01:00,20.74
2020-03-18T12:00:00+01:00,2020-03-18T13:00:00+01:00,20.34
2020-03-18T13:00:00+01:00,2020-03-18T14:00:00+01:00,20.74
2020-03-18T14:00:00+01:00,2020-03-18T15:00:00+01:00,21.80
2020-03-18T15:00:00+01:00,2020-03-18T16:00:00+01:00,24.76
2020-03-18T16:00:00+01:00,2020-03-18T17:00:00+01:00,28.62
2020-03-18T17:00:00+01:00,2020-03-18T18:00:00+01:00,32.31
2020-03-18T18:00:00+01:00,2020-03-18T19:00:00+01:00,36.66
2020-03-18T19:00:00+01:00,2020-03-18T20:00:00+01:00,38.45
2020-03-18T20:00:00+01:00,2020-03-18T21:00:00+01:00,35.40
2020-03-18T21:00:00+01:00,2020-03-18T22:00:00+01:00,29.99
2020-03-18T22:00:00+01:00,2020-03-18T23:00:00+01:00,31.83
2020-03-18T23:00:00+01:00,2020-03-19T00:00:00+01:00,29.06
2020-03-19T00:00:00+01:00,2020-03-19T01:00:00+01:00,26.67
2020-03-19T01:00:00+01:00,2020-03-19T02:00:00+01:00,24.00
2020-03-19T02:00:00+01:00,2020-03-19T03:00:00+01:00,22.99
2020-03-19T03:00:00+01:00,2020-03-19T04:00:00+01:00,22.16
2020-03-19T04:00:00+01:00,2020-03-19T05:00:00+01:00,22.26
2020-03-19T05:00:00+01:00,2020-03-19T06:00:00+01:00,26.00
2020-03-19T06:00:00+01:00,2020-03-19T07:00:00+01:00,30.25
2020-03-19T07:00:00+01:00,2020-03-19T08:00:00+01:00,33.74
2020-03-19T08:00:00+01:00,2020-03-19T09:00:00+01:00,32.06
2020-03-19T09:00:00+01:00,2020-03-19T10:00:00+01:00,28.75
2020-03-19T10:00:00+01:00,2020-03-19T11:00:00+01:00,25.04
2020-03-19T11:00:00+01:00,2020-03-19T12:00:00+01:00,24.93
2020-03-19T12:00:00+01:00,2020-03-19T13:00:00+01:00,22.83
2020-03-19T13:00:00+01:00,2020-03-19T14:00:00+01:00,22.99
2020-03-19T14:00:00+01:00,2020-03-19T15:00:00+01:00,24.92
2020-03-19T15:00:00+01:00,2020-03-19T16:00:00+01:00,27.20
2020-03-19T16:00:00+01:00,2020-03-19T17:00:00+01:00,29.37
2020-03-19T17:00:00+01:00,2020-03-19T18:00:00+01:00,32.28
2020-03-19T18:00:00+01:00,2020-03-19T19:00:00+01:00,38.70
2020-03-19T19:00:00+01:00,2020-03-19T20:00:00+01:00,43.57
2020-03-19T20:00:00+01:00,2020-03-19T21:00:00+01:00,33.94
2020-03-19T21:00:00+01:00,2020-03-19T22:00:00+01:00,30.51
2020-03-19T22:00:00+01:00,2020-03-19T23:00:00+01:00,28.70
2020-03-19T23:00:00+01:00,2020-03-20T00:00:00+01:00,27.10
2020-03-20T00:00:00+01:00,2020-03-20T01:00:00+01:00,19.90
2020-03-20T01:00:00+01:00,2020-03-20T02:00:00+01:00,20.00
2020-03-20T02:00:00+01:00,2020-03-20T03:00:00+01:00,18.62
2020-03-20T03:00:00+01:00,2020-03-20T04:00:00+01:00,18.60
2020-03-20T04:00:00+01:00,2020-03-20T05:00:00+01:00,19.00
2020-03-20T05:00:00+01:00,2020-03-20T06:00:00+01:00,25.25
2020-03-20T06:00:00+01:00,2020-03-20T07:00:00+01:00,27.40
2020-03-20T07:00:00+01:00,2020-03-20T08:00:00+01:00,33.79
2020-03-20T08:00:00+01:00,2020-03-20T09:00:00+01:00,33.23
2020-03-20T09:00:00+01:00,2020-03-20T10:00:00+01:00,29.19
2020-03-20T10:00:00+01:00,2020-03-20T11:00:00+01:00,28.87
2020-03-20T11:00:00+01:00,2020-03-20T12:00:00+01:00,26.14
2020-03-20T12:00:00+01:00,2020-03-20T13:00:00+01:00,22.85
2020-03-20T13:00:00+01:00,2020-03-20T14:00:00+01:00,21.36
2020-03-20T14:00:00+01:00,2020-03-20T15:00:00+01:00,20.04
2020-03-20T15:00:00+01:00,2020-03-20T16:00:00+01:00,22.13
2020-03-20T16:00:00+01:00,2020-03-20T17:00:00+01:00,23.71
2020-03-20T17:00:00+01:00,2020-03-20T18:00:00+01:00,26.62
2020-03-20T18:00:00+01:00,2020-03-20T19:00:00+01:00,28.63
2020-03-20T19:00:00+01:00,2020-03-20T20:00:00+01:00,28.92
2020-03-20T20:00:00+01:00,2020-03-20T21:00:00+01:00,25.06
2020-03-20T21:00:00+01:00,2020-03-20T22:00:00+01:00,20.05
2020-03-20T22:00:00+01:00,2020-03-20T23:00:00+01:00,21.02
2020-03-20T23:00:00+01:00,2020-03-21T00:00:00+01:00,19.90
2020-03-21T00:00:00+01:00,2020-03-21T01:00:00+01:00,18.23
2020-03-21T01:00:00+01:00,2020-03-21T02:00:00+01:00,13.97
2020-03-21T02:00:00+01:00,2020-03-21T03:00:00+01:00,11.16
2020-03-21T03:00:00+01:00,2020-03-21T04:00:00+01:00,9.43
2020-03-21T04:00:00+01:00,2020-03-21T05:00:00+01:00,8.94
2020-03-21T05:00:00+01:00,2020-03-21T06:00:00+01:00,9.50
2020-03-21T06:00:00+01:00,2020-03-21T07:00:00+01:00,7.74
2020-03-21T07:00:00+01:00,2020-03-21T08:00:00+01:00,10.80
2020-03-21T08:00:00+01:00,2020-03-21T09:00:00+01:00,15.05
2020-03-21T09:00:00+01:00,2020-03-21T10:00:00+01:00,8.64
2020-03-21T10:00:00+01:00,2020-03-21T11:00:00+01:00,7.51
2020-03-21T11:00:00+01:00,2020-03-21T12:00:00+01:00,7.18
2020-03-21T12:00:00+01:00,2020-03-21T13:00:00+01:00,7.17
2020-03-21T13:00:00+01:00,2020-03-21T14:00:00+01:00,6.72
2020-03-21T14:00:00+01:00,2020-03-21T15:00:00+01:00,3.80
2020-03-21T15:00:00+01:00,2020-03-21T16:00:00+01:00,5.70
2020-03-21T16:00:00+01:00,2020-03-21T17:00:00+01:00,8.30
2020-03-21T17:00:00+01:00,2020-03-21T18:00:00+01:00,15.01
2020-03-21T18:00:00+01:00,2020-03-21T19:00:00+01:00,20.00
2020-03-21T19:00:00+01:00,2020-03-21T20:00:00+01:00,43.00
2020-03-21T20:00:00+01:00,2020-03-21T21:00:00+01:00,27.15
2020-03-21T21:00:00+01:00,2020-03-21T22:00:00+01:00,21.60
2020-03-21T22:00:00+01:00,2020-03-21T23:00:00+01:00,20.10
2020-03-21T23:00:00+01:00,2020-03-22T00:00:00+01:00,21.00
2020-03-22T00:00:00+01:00,2020-03-22T01:00:00+01:00,13.05
2020-03-22T01:00:00+01:00,2020-03-22T02:00:00+01:00,11.10
2020-03-22T02:00:00+01:00,2020-03-22T03:00:00+01:00,7.33
2020-03-22T03:00:00+01:00,2020-03-22T04:00:00+01:00,6.25
2020-03-22T04:00:00+01:00,2020-03-22T05:00:00+01:00,6.09
2020-03-22T05:00:00+01:00,2020-03-22T06:00:00+01:00,6.24
2020-03-22T06:00:00+01:00,2020-03-22T07:00:00+01:00,6.06
2020-03-22T07:00:00+01:00,2020-03-22T08:00:00+01:00,5.68
2020-03-22T08:00:00+01:00,2020-03-22T09:00:00+01:00,6.31
2020-03-22T09:00:00+01:00,2020-03-22T10:00:00+01:00,6.22
2020-03-22T10:00:00+01:00,2020-03-22T11:00:00+01:00,5.77
2020-03-22T11:00:00+01:00,2020-03-22T12:00:00+01:00,-4.00
2020-03-22T12:00:00+01:00,2020-03-22T13:00:00+01:00,-5.00
2020-03-22T13:00:00+01:00,2020-03-22T14:00:00+01:00,-4.00
2020-03-22T14:00:00+01:00,2020-03-22T15:00:00+01:00,-11.17
2020-03-22T15:00:00+01:00,2020-03-22T16:00:00+01:00,-11.98
2020-03-22T16:00:00+01:00,2020-03-22T17:00:00+01:00,0.02
2020-03-22T17:00:00+01:00,2020-03-22T18:00:00+01:00,11.04
2020-03-22T18:00:00+01:00,2020-03-22T19:00:00+01:00,19.53
2020-03-22T19:00:00+01:00,2020-03-22T20:00:00+01:00,22.93
2020-03-22T20:00:00+01:00,2020-03-22T21:00:00+01:00,19.45
2020-03-22T21:00:00+01:00,2020-03-22T22:00:00+01:00,14.36
2020-03-22T22:00:00+01:00,2020-03-22T23:00:00+01:00,14.79
2020-03-22T23:00:00+01:00,2020-03-23T00:00:00+01:00,11.05
2020-03-23T00:00:00+01:00,2020-03-23T01:00:00+01:00,15.00
2020-03-23T01:00:00+01:00,2020-03-23T02:00:00+01:00,10.00
2020-03-23T02:00:00+01:00,2020-03-23T03:00:00+01:00,10.17
2020-03-23T03:00:00+01:00,2020-03-23T04:00:00+01:00,9.28
2020-03-23T04:00:00+01:00,2020-03-23T05:00:00+01:00,9.28
2020-03-23T05:00:00+01:00,2020-03-23T06:00:00+01:00,12.76
2020-03-23T06:00:00+01:00,2020-03-23T07:00:00+01:00,20.00
2020-03-23T07:00:00+01:00,2020-03-23T08:00:00+01:00,23.99
2020-03-23T08:00:00+01:00,2020-03-23T09:00:00+01:00,20.08
2020-03-23T09:00:00+01:00,2020-03-23T10:00:00+01:00,15.84
2020-03-23T10:00:00+01:00,2020-03-23T11:00:00+01:00,10.66
2020-03-23T11:00:00+01:00,2020-03-23T12:00:00+01:00,10.70
2020-03-23T12:00:00+01:00,2020-03-23T13:00:00+01:00,10.62
2020-03-23T13:00:00+01:00,2020-03-23T14:00:00+01:00,10.92
2020-03-23T14:00:00+01:00,2020-03-23T15:00:00+01:00,12.07
2020-03-23T15:00:00+01:00,2020-03-23T16:00:00+01:00,12.01
2020-03-23T16:00:00+01:00,2020-03-23T17:00:00+01:00,17.40
2020-03-23T17:00:00+01:00,2020-03-23T18:00:00+01:00,25.65
2020-03-23T18:00:00+01:00,2020-03-23T19:00:00+01:00,30.32
2020-03-23T19:00:00+01:00,2020-03-23T20:00:00+01:00,33.14
2020-03-23T20:00:00+01:00,2020-03-23T21:00:00+01:00,27.99
2020-03-23T21:00:00+01:00,2020-03-23T22:00:00+01:00,21.97
2020-03-23T22:00:00+01:00,2020-03-23T23:00:00+01:00,21.84
2020-03-23T23:00:00+01:00,2020-03-24T00:00:00+01:00,19.00
2020-03-24T00:00:00+01:00,2020-03-24T01:00:00+01:00,18.60
2020-03-24T01:00:00+01:00,2020-03-24T02:00:00+01:00,17.60
2020-03-24T02:00:00+01:00,2020-03-24T03:00:00+01:00,16.91
2020-03-24T03:00:00+01:00,2020-03-24T04:00:00+01:00,16.81
2020-03-24T04:00:00+01:00,2020-03-24T05:00:00+01:00,17.60
2020-03-24T05:00:00+01:00,2020-03-24T06:00:00+01:00,19.80
2020-03-24T06:00:00+01:00,2020-03-24T07:00:00+01:00,23.63
2020-03-24T07:00:00+01:00,2020-03-24T08:00:00+01:00,25.88
2020-03-24T08:00:00+01:00,2020-03-24T09:00:00+01:00,26.90
2020-03-24T09:00:00+01:00,2020-03-24T10:00:00+01:00,19.25
2020-03-24T10:00:00+01:00,2020-03-24T11:00:00+01:00,14.16
2020-03-24T11:00:00+01:00,2020-03-24T12:00:00+01:00,15.08
2020-03-24T12:00:00+01:00,2020-03-24T13:00:00+01:00,14.31
2020-03-24T13:00:00+01:00,2020-03-24T14:00:00+01:00,13.00
2020-03-24T14:00:00+01:00,2020-03-24T15:00:00+01:00,14.33
2020-03-24T15:00:00+01:00,2020-03-24T16:00:00+01:00,16.65
2020-03-24T16:00:00+01:00,2020-03-24T17:00:00+01:00,19.79
2020-03-24T17:00:00+01:00,2020-03-24T18:00:00+01:00,27.31
2020-03-24T18:00:00+01:00,2020-03-24T19:00:00+01:00,34.00
2020-03-24T19:00:00+01:00,2020-03-24T20:00:00+01:00,33.78
2020-03-24T20:00:00+01:00,2020-03-24T21:00:00+01:00,31.00
2020-03-24T21:00:00+01:00,2020-03-24T22:00:00+01:00,24.00
2020-03-24T22:00:00+01:00,2020-03-24T23:00:00+01:00,24.63
2020-03-24T23:00:00+01:00,2020-03-25T00:00:00+01:00,23.87
2020-03-25T00:00:00+01:00,2020-03-25T01:00:00+01:00,20.51
2020-03-25T01:00:00+01:00,2020-03-25T02:00:00+01:00,19.21
2020-03-25T02:00:00+01:00,2020-03-25T03:00:00+01:00,19.50
2020-03-25T03:00:00+01:00,2020-03-25T04:00:00+01:00,19.33
2020-03-25T04:00:00+01:00,2020-03-25T05:00:00+01:00,19.26
2020-03-25T05:00:00+01:00,2020-03-25T06:00:00+01:00,21.51
2020-03-25T06:00:00+01:00,2020-03-25T07:00:00+01:00,25.84
2020-03-25T07:00:00+01:00,2020-03-25T08:00:00+01:00,29.15
2020-03-25T08:00:00+01:00,2020-03-25T09:00:00+01:00,27.64
2020-03-25T09:00:00+01:00,2020-03-25T10:00:00+01:00,24.90
2020-03-25T10:00:00+01:00,2020-03-25T11:00:00+01:00,20.05
2020-03-25T11:00:00+01:00,2020-03-25T12:00:00+01:00,19.57
2020-03-25T12:00:00+01:00,2020-03-25T13:00:00+01:00,19.97
2020-03-25T13:00:00+01:00,2020-03-25T14:00:00+01:00,19.05
2020-03-25T14:00:00+01:00,2020-03-25T15:00:00+01:00,18.70
2020-03-25T15:00:00+01:00,2020-03-25T16:00:00+01:00,17.57
2020-03-25T16:00:00+01:00,2020-03-25T17:00:00+01:00,19.96
2020-03-25T17:00:00+01:00,2020-03-25T18:00:00+01:00,26.55
2020-03-25T18:00:00+01:00,2020-03-25T19:00:00+01:00,34.88
2020-03-25T19:00:00+01:00,2020-03-25T20:00:00+01:00,34.48
2020-03-25T20:00:00+01:00,2020-03-25T21:00:00+01:00,28.09
2020-03-25T21:00:00+01:00,2020-03-25T22:00:00+01:00,24.51
2020-03-25T22:00:00+01:00,2020-03-25T23:00:00+01:00,24.02
2020-03-25T23:00:00+01:00,2020-03-26T00:00:00+01:00,21.18
2020-03-26T00:00:00+01:00,2020-03-26T01:00:00+01:00,19.68
2020-03-26T01:00:00+01:00,2020-03-26T02:00:00+01:00,18.39
2020-03-26T02:00:00+01:00,2020-03-26T03:00:00+01:00,19.10
2020-03-26T03:00:00+01:00,2020-03-26T04:00:00+01:00,18.39
2020-03-26T04:00:00+01:00,2020-03-26T05:00:00+01:00,18.32
2020-03-26T05:00:00+01:00,2020-03-26T06:00:00+01:00,19.80
2020-03-26T06:00:00+01:00,2020-03-26T07:00:00+01:00,22.20
2020-03-26T07:00:00+01:00,2020-03-26T08:00:00+01:00,25.53
2020-03-26T08:00:00+01:00,2020-03-26T09:00:00+01:00,25.00
2020-03-26T09:00:00+01:00,2020-03-26T10:00:00+01:00,21.32
2020-03-26T10:00:00+01:00,2020-03-26T11:00:00+01:00,19.11
2020-03-26T11:00:00+01:00,2020-03-26T12:00:00+01:00,18.16
2020-03-26T12:00:00+01:00,2020-03-26T13:00:00+01:00,17.69
2020-03-26T13:00:00+01:00,2020-03-26T14:00:00+01:00,15.35
2020-03-26T14:00:00+01:00,2020-03-26T15:00:00+01:00,16.82
2020-03-26T15:00:00+01:00,2020-03-26T16:00:00+01:00,18.19
2020-03-26T16:00:00+01:00,2020-03-26T17:00:00+01:00,18.90
2020-03-26T17:00:00+01:00,2020-03-26T18:00:00+01:00,27.11
2020-03-26T18:00:00+01:00,2020-03-26T19:00:00+01:00,34.05
2020-03-26T19:00:00+01:00,2020-03-26T20:00:00+01:00,34.64
2020-03-26T20:00:00+01:00,2020-03-26T21:00:00+01:00,30.09
2020-03-26T21:00:00+01:00,2020-03-26T22:00:00+01:00,26.27
2020-03-26T22:00:00+01:00,2020-03-26T23:00:00+01:00,25.50
2020-03-26T23:00:00+01:00,2020-03-27T00:00:00+01:00,23.94
2020-03-27T00:00:00+01:00,2020-03-27T01:00:00+01:00,21.26
2020-03-27T01:00:00+01:00,2020-03-27T02:00:00+01:00,19.00
2020-03-27T02:00:00+01:00,2020-03-27T03:00:00+01:00,18.54
2020-03-27T03:00:00+01:00,2020-03-27T04:00:00+01:00,18.25
2020-03-27T04:00:00+01:00,2020-03-27T05:00:00+01:00,18.50
2020-03-27T05:00:00+01:00,2020-03-27T06:00:00+01:00,20.60
2020-03-27T06:00:00+01:00,2020-03-27T07:00:00+01:00,24.65
2020-03-27T07:00:00+01:00,2020-03-27T08:00:00+01:00,26.95
2020-03-27T08:00:00+01:00,2020-03-27T09:00:00+01:00,25.91
2020-03-27T09:00:00+01:00,2020-03-27T10:00:00+01:00,22.67
2020-03-27T10:00:00+01:00,2020-03-27T11:00:00+01:00,19.98
2020-03-27T11:00:00+01:00,2020-03-27T12:00:00+01:00,18.47
2020-03-27T12:00:00+01:00,2020-03-27T13:00:00+01:00,18.50
2020-03-27T13:00:00+01:00,2020-03-27T14:00:00+01:00,16.00
2020-03-27T14:00:00+01:00,2020-03-27T15:00:00+01:00,15.64
2020-03-27T15:00:00+01:00,2020-03-27T16:00:00+01:00,17.44
2020-03-27T16:00:00+01:00,2020-03-27T17:00:00+01:00,18.08
2020-03-27T17:00:00+01:00,2020-03-27T18:00:00+01:00,21.80
2020-03-27T18:00:00+01:00,2020-03-27T19:00:00+01:00,26.72
2020-03-27T19:00:00+01:00,2020-03-27T20:00:00+01:00,30.00
2020-03-27T20:00:00+01:00,2020-03-27T21:00:00+01:00,24.94
2020-03-27T21:00:00+01:00,2020-03-27T22:00:00+01:00,23.19
2020-03-27T22:00:00+01:00,2020-03-27T23:00:00+01:00,24.91
2020-03-27T23:00:00+01:00,2020-03-28T00:00:00+01:00,25.16
2020-03-28T00:00:00+01:00,2020-03-28T01:00:00+01:00,21.93
2020-03-28T01:00:00+01:00,2020-03-28T02:00:00+01:00,21.09
2020-03-28T02:00:00+01:00,2020-03-28T03:00:00+01:00,21.67
2020-03-28T03:00:00+01:00,2020-03-28T04:00:00+01:00,19.38
2020-03-28T04:00:00+01:00,2020-03-28T05:00:00+01:00,18.80
2020-03-28T05:00:00+01:00,2020-03-28T06:00:00+01:00,18.44
2020-03-28T06:00:00+01:00,2020-03-28T07:00:00+01:00,18.96
2020-03-28T07:00:00+01:00,2020-03-28T08:00:00+01:00,18.91
2020-03-28T08:00:00+01:00,2020-03-28T09:00:00+01:00,17.22
2020-03-28T09:00:00+01:00,2020-03-28T10:00:00+01:00,13.08
2020-03-28T10:00:00+01:00,2020-03-28T11:00:00+01:00,9.90
2020-03-28T11:00:00+01:00,2020-03-28T12:00:00+01:00,6.51
2020-03-28T12:00:00+01:00,2020-03-28T13:00:00+01:00,5.12
2020-03-28T13:00:00+01:00,2020-03-28T14:00:00+01:00,1.00
2020-03-28T14:00:00+01:00,2020-03-28T15:00:00+01:00,-0.65
2020-03-28T15:00:00+01:00,2020-03-28T16:00:00+01:00,0.02
2020-03-28T16:00:00+01:00,2020-03-28T17:00:00+01:00,5.59
2020-03-28T17:00:00+01:00,2020-03-28T18:00:00+01:00,22.11
2020-03-28T18:00:00+01:00,2020-03-28T19:00:00+01:00,22.40
2020-03-28T19:00:00+01:00,2020-03-28T20:00:00+01:00,21.93
2020-03-28T20:00:00+01:00,2020-03-28T21:00:00+01:00,17.02
2020-03-28T21:00:00+01:00,2020-03-28T22:00:00+01:00,16.39
2020-03-28T22:00:00+01:00,2020-03-28T23:00:00+01:00,16.27
2020-03-28T23:00:00+01:00,2020-03-29T00:00:00+01:00,16.00
2020-03-29T00:00:00+01:00,2020-03-29T01:00:00+01:00,11.76
2020-03-29T01:00:00+01:00,2020-03-29T03:00:00+02:00,11.05
2020-03-29T03:00:00+02:00,2020-03-29T04:00:00+02:00,6.60
2020-03-29T04:00:00+02:00,2020-03-29T05:00:00+02:00,3.32
2020-03-29T05:00:00+02:00,2020-03-29T06:00:00+02:00,1.55
2020-03-29T06:00:00+02:00,2020-03-29T07:00:00+02:00,3.66
2020-03-29T07:00:00+02:00,2020-03-29T08:00:00+02:00,3.83
2020-03-29T08:00:00+02:00,2020-03-29T09:00:00+02:00,2.59
2020-03-29T09:00:00+02:00,2020-03-29T10:00:00+02:00,2.93
2020-03-29T10:00:00+02:00,2020-03-29T11:00:00+02:00,-0.03
2020-03-29T11:00:00+02:00,2020-03-29T12:00:00+02:00,-0.08
2020-03-29T12:00:00+02:00,2020-03-29T13:00:00+02:00,-5.00
2020-03-29T13:00:00+02:00,2020-03-29T14:00:00+02:00,-19.09
2020-03-29T14:00:00+02:00,2020-03-29T15:00:00+02:00,-22.42
2020-03-29T15:00:00+02:00,2020-03-29T16:00:00+02:00,-10.79
2020-03-29T16:00:00+02:00,2020-03-29T17:00:00+02:00,-5.98
2020-03-29T17:00:00+02:00,2020-03-29T18:00:00+02:00,0.08
2020-03-29T18:00:00+02:00,2020-03-29T19:00:00+02:00,7.81
2020-03-29T19:00:00+02:00,2020-03-29T20:00:00+02:00,16.99
2020-03-29T20:00:00+02:00,2020-03-29T21:00:00+02:00,17.90
2020-03-29T21:00:00+02:00,2020-03-29T22:00:00+02:00,17.45
2020-03-29T22:00:00+02:00,2020-03-29T23:00:00+02:00,20.14
2020-03-29T23:00:00+02:00,2020-03-30T00:00:00+02:00,20.59
2020-03-30T00:00:00+02:00,2020-03-30T01:00:00+02:00,18.10
2020-03-30T01:00:00+02:00,2020-03-30T02:00:00+02:00,17.81
2020-03-30T02:00:00+02:00,2020-03-30T03:00:00+02:00,19.65
2020-03-30T03:00:00+02:00,2020-03-30T04:00:00+02:00,17.49
2020-03-30T04:00:00+02:00,2020-03-30T05:00:00+02:00,16.99
2020-03-30T05:00:00+02:00,2020-03-30T06:00:00+02:00,19.82
2020-03-30T06:00:00+02:00,2020-03-30T07:00:00+02:00,24.94
2020-03-30T07:00:00+02:00,2020-03-30T08:00:00+02:00,31.44
2020-03-30T08:00:00+02:00,2020-03-30T09:00:00+02:00,30.94
2020-03-30T09:00:00+02:00,2020-03-30T10:00:00+02:00,26.11
2020-03-30T10:00:00+02:00,2020-03-30T11:00:00+02:00,22.40
2020-03-30T11:00:00+02:00,2020-03-30T12:00:00+02:00,21.09
2020-03-30T12:00:00+02:00,2020-03-30T13:00:00+02:00,21.09
2020-03-30T13:00:00+02:00,2020-03-30T14:00:00+02:00,19.12
2020-03-30T14:00:00+02:00,2020-03-30T15:00:00+02:00,17.07
2020-03-30T15:00:00+02:00,2020-03-30T16:00:00+02:00,15.80
2020-03-30T16:00:00+02:00,2020-03-30T17:00:00+02:00,15.50
2020-03-30T17:00:00+02:00,2020-03-30T18:00:00+02:00,20.76
2020-03-30T18:00:00+02:00,2020-03-30T19:00:00+02:00,26.91
2020-03-30T19:00:00+02:00,2020-03-30T20:00:00+02:00,37.52
2020-03-30T20:00:00+02:00,2020-03-30T21:00:00+02:00,35.02
2020-03-30T21:00:00+02:00,2020-03-30T22:00:00+02:00,28.60
2020-03-30T22:00:00+02:00,2020-03-30T23:00:00+02:00,27.01
2020-03-30T23:00:00+02:00,2020-03-31T00:00:00+02:00,24.38
2020-03-31T00:00:00+02:00,2020-03-31T01:00:00+02:00,23.39
2020-03-31T01:00:00+02:00,2020-03-31T02:00:00+02:00,19.69
2020-03-31T02:00:00+02:00,2020-03-31T03:00:00+02:00,19.91
2020-03-31T03:00:00+02:00,2020-03-31T04:00:00+02:00,19.59
2020-03-31T04:00:00+02:00,2020-03-31T05:00:00+02:00,19.01
2020-03-31T05:00:00+02:00,2020-03-31T06:00:00+02:00,23.75
2020-03-31T06:00:00+02:00,2020-03-31T07:00:00+02:00,30.43
2020-03-31T07:00:00+02:00,2020-03-31T08:00:00+02:00,35.86
2020-03-31T08:00:00+02:00,2020-03-31T09:00:00+02:00,33.00
2020-03-31T09:00:00+02:00,2020-03-31T10:00:00+02:00,25.75
2020-03-31T10:00:00+02:00,2020-03-31T11:00:00+02:00,23.94
2020-03-31T11:00:00+02:00,2020-03-31T12:00:00+02:00,19.67
2020-03-31T12:00:00+02:00,2020-03-31T13:00:00+02:00,20.00
2020-03-31T13:00:00+02:00,2020-03-31T14:00:00+02:00,17.58
2020-03-31T14:00:00+02:00,2020-03-31T15:00:00+02:00,17.50
2020-03-31T15:00:00+02:00,2020-03-31T16:00:00+02:00,17.60
2020-03-31T16:00:00+02:00,2020-03-31T17:00:00+02:00,17.86
2020-03-31T17:00:00+02:00,2020-03-31T18:00:00+02:00,23.18
2020-03-31T18:00:00+02:00,2020-03-31T19:00:00+02:00,30.25
2020-03-31T19:00:00+02:00,2020-03-31T20:00:00+02:00,39.90
2020-03-31T20:00:00+02:00,2020-03-31T21:00:00+02:00,33.11
2020-03-31T21:00:00+02:00,2020-03-31T22:00:00+02:00,26.85
2020-03-31T22:00:00+02:00,2020-03-31T23:00:00+02:00,26.61
2020-03-31T23:00:00+02:00,2020-04-01T00:00:00+02:00,24.10
